id,name,city,age
1,Sheryl Baxter,East Leonard,12
2,Preston Lozano,East Jimmychester,109
3,Roy Berry,Isabelborough,41
4,Linda Olsen,Bensonview,105
5,Joanna Bender,West Priscilla,112
6,Aimee Downs,Chavezborough,31
7,Darren Peck,Lake Ana,91
8,Brett Mullen,Kimport,100
9,Sheryl Meyers,Robersonstad,109
10,Michelle Gallagher,Elaineberg,105
11,Carl Schroeder,Shannonville,98
12,Jenna Dodson,East Andrea,115
13,Tracey Mata,South Joannamouth,71
14,Kristine Cox,Jodyberg,117
15,Faith Lutz,Burchbury,48
16,Miranda Beasley,Desireeshire,111
17,Caroline Foley,West Adriennestad,39
18,Greg Mata,Lake Leslie,97
19,Clifford Jacobson,Harmonview,117
20,Joanna Kirk,Jamesshire,97
21,Maxwell Frye,East Carly,49
22,Kiara Houston,South Alvin,81
23,Colleen Howard,Brittanyview,105
24,Janet Valenzuela,Veronicamouth,46
25,Shane Wilcox,Bryanville,46
26,Marcus Moody,Kaitlyntown,78
27,Dakota Poole,Michealshire,33
28,Frederick Harper,South Marissatown,72
29,Stefanie Fitzpatrick,Acevedoville,42
30,Kent Bradshaw,North Harold,68
31,Jack Tate,West Samuel,57
32,Tom Trujillo,Cunninghamborough,97
33,Gabriel Mejia,Port Annatown,15
34,Kaitlyn Santana,New Kaitlyn,32
35,Faith Moon,West Marthaburgh,90
36,Tammie Haley,East Teresa,18
37,Nicholas Sosa,South Hunter,95
38,Jordan Gay,South Walter,27
39,Bruce Esparza,Poolefurt,114
40,Sherry Garza,West John,39
41,Natalie Gentry,West Darius,91
42,Bryan Dunn,North Jimstad,92
43,Wayne Simpson,East Rebekahborough,12
44,Luis Greer,North Drew,35
45,Rhonda Frost,Lake Lindaburgh,117
46,Joanne Montes,Gwendolynview,119
47,Geoffrey Guzman,Zimmermanland,98
48,Gloria Mccall,North Kerriton,111
49,Brady Cohen,North Eileenville,88
50,Latoya Mccann,Port Sergiofort,44
51,Gerald Hawkins,New Alberttown,59
52,Samuel Crawford,South Jasmine,96
53,Patricia Goodwin,Cowanfort,38
54,Stacie Richard,New Deborah,12
55,Robin West,Wallstown,34
56,Ralph Haas,Lake Ellenchester,100
57,Phyllis Maldonado,Lake Whitney,114
58,Danny Parrish,East Jaredbury,102
59,Kathy Hill,Selenabury,84
60,Kelli Hardy,Huangfort,92
61,Lynn Pham,East Pennyshire,93
62,Shelley Harris,Port Jasminborough,9
63,Eddie Jimenez,West Kristine,44
64,Chloe Hutchinson,South Julia,85
65,Eileen Lynch,Helenborough,65
66,Fernando Lambert,Lake Nancy,83
67,Makayla Cannon,Georgeport,27
68,Tom Alvarado,South Sophiaberg,50
69,Virginia Dudley,Hartbury,12
70,Riley Good,Erikaville,24
71,Alexandria Buck,Nicolasfort,35
72,Richard Roth,New Jasmineshire,74
73,Candice Keller,East Summerstad,88
74,Anita Benson,Skinnerport,43
75,Regina Stein,Raystad,95
76,Debra Riddle,Colinhaven,25
77,Brittany Zuniga,West Reginald,27
78,Cassidy Mcmahon,Lake Sherryborough,38
79,Laurie Pennington,Port Katherineville,38
80,Alejandro Blair,Thomasland,94
81,Leslie Jennings,Coreybury,93
82,Kathleen Mckay,Lake Janiceton,72
83,Hunter Moreno,East Clinton,67
84,Chad Davidson,South Joshuashire,72
85,Corey Holt,New Glenda,23
86,Emma Cunningham,North Jillianview,22
87,Duane Woods,Lyonsberg,28
88,Alison Vargas,East Cristinabury,28
89,Vernon Kane,Thomasfurt,115
90,Lori Flowers,North Joeburgh,9
91,Nina Chavez,Cassidychester,57
92,Shane Foley,South Dannymouth,119
93,Collin Ayers,South Lonnie,65
94,Sherry Young,Frankchester,36
95,Darrell Douglas,Daisyborough,34
96,Karl Greer,East Richard,18
97,Lynn Atkinson,New Bradview,98
98,Fred Guerra,Ortegaland,53
99,Yvonne Farmer,Lake Elijahview,76
100,Clarence Haynes,Judymouth,106
